{
  "project_info": {
    "project_number": "465404946229",
    "firebase_url": "https://card-management-e129e-default-rtdb.firebaseio.com",
    "project_id": "card-management-e129e",
    "storage_bucket": "card-management-e129e.appspot.com"
  },
  "client": [
    {
      "client_info": {
        "mobilesdk_app_id": "1:465404946229:android:e1d60ed849ecd480844e7c",
        "android_client_info": {
          "package_name": "com.edu.wellwork"
        }
      },
      "oauth_client": [
        {
          "client_id": "465404946229-2jpua9mjmtj2bqb322923l70gebjpkda.apps.googleusercontent.com",
          "client_type": 3
        }
      ],
      "api_key": [
        {
          "current_key": "AIzaSyBEYJrkISjefnTzyyzfqROT9FQxWO7tklM"
        }
      ],
      "services": {
        "appinvite_service": {
          "other_platform_oauth_client": [
            {
              "client_id": "465404946229-2jpua9mjmtj2bqb322923l70gebjpkda.apps.googleusercontent.com",
              "client_type": 3
            }
          ]
        }
      }
    },
    {
      "client_info": {
        "mobilesdk_app_id": "1:465404946229:android:e5bf205bef70dc21844e7c",
        "android_client_info": {
          "package_name": "com.tech.cardmanagement"
        }
      },
      "oauth_client": [
        {
          "client_id": "465404946229-2jpua9mjmtj2bqb322923l70gebjpkda.apps.googleusercontent.com",
          "client_type": 3
        }
      ],
      "api_key": [
        {
          "current_key": "AIzaSyBEYJrkISjefnTzyyzfqROT9FQxWO7tklM"
        }
      ],
      "services": {
        "appinvite_service": {
          "other_platform_oauth_client": [
            {
              "client_id": "465404946229-2jpua9mjmtj2bqb322923l70gebjpkda.apps.googleusercontent.com",
              "client_type": 3
            }
          ]
        }
      }
    }
  ],
  "configuration_version": "1"
}